subserv,['0']
sail,['1']
snuffl,['0']
recount,['1']
snuff,['1']
unveil,['1']
womaniz,['0']
perplex,['0']
legaliz,['0']
timetabl,['0']
anchor,['1']
snub,['2']
reconstruct,['1']
reconstitut,['0']
reconsider,['1']
prettif,['10']
leg,['2']
meddl,['0']
sag,['2']
subordinat,['0']
recondition,['1']
perorat,['0']
mechaniz,['0']
okay,['1']
submers,['0']
recommend,['1']
recollect,['1']
fac,['0']
recoil,['1']
snowball,['1']
snow,['1']
presuppos,['0']
oink,['1']
submerg,['0']
reclaim,['1']
snort,['1']
leer,['1']
combust,['1']
combin,['0']
sublimat,['0']
hoard,['1']
sublet,['2']
snor,['0']
subleas,['0']
snooz,['0']
reckon,['1']
drivel,['2']
hiv,['0']
perm,['1']
lectur,['0']
combat,['2']
inset,['2']
capitaliz,['0']
snoop,['1']
insert,['1']
snooker,['1']
pressuriz,['0']
snog,['2']
drip-dr,['10']
hitchhik,['0']
drip,['2']
pressur,['0']
perk,['1']
lech,['0']
comb,['1']
oil,['1']
hitch,['0']
hit,['2']
snivel,['2']
bivouac,['4']
snitch,['0']
meander,['1']
mean,['1']
leaven,['1']
ogl,['0']
inseminat,['0']
caparison,['1']
eye,['1']
drill,['1']
decree,['1']
drift,['1']
abus,['0']
decoy,['1']
leather,['1']
offset,['2']
hiss,['0']
cap,['2']
stor,['0']
bit,['0']
hir,['0']
dribbl,['0']
leas,['0']
decontrol,['2']
colour,['1']
off-load,['1']
canvass,['0']
learn,['1']
bitch,['0']
canton,['1']
zap,['2']
stop,['2']
decontaminat,['0']
abstract,['1']
decompress,['0']
decompos,['0']
decoloniz,['0']
officiat,['0']
canter,['1']
coloniz,['0']
theoriz,['0']
stoop,['1']
hint,['1']
dress,['0']
hing,['0']
stoog,['0']
drench,['0']
decok,['0']
decod,['0']
declutch,['0']
pour,['1']
cant,['1']
canoniz,['0']
vex,['0']
dredg,['0']
veto,['1']
stonewall,['1']
declassif,['10']
pound,['1']
declar,['0']
pounc,['0']
poultic,['0']
yowl,['1']
canoe,['1']
vet,['2']
vestur,['0']
declaim,['1']
absent,['1']
dream,['1']
sleek,['1']
pouch,['0']
sledg,['0']
scoop,['1']
sled,['2']
deck,['1']
relish,['0']
scold,['1']
pa,['7']
relin,['0']
cannon,['1']
cannibaliz,['0']
birch,['0']
ston,['0']
stomp,['1']
stomach,['1']
dread,['1']
scoff,['1']
decipher,['1']
pawn,['1']
scissor,['1']
scintillat,['0']
paw,['1']
thaw,['1']
vest,['1']
decimaliz,['0']
slaver,['1']
decid,['0']
pav,['0']
nourish,['0']
clot,['2']
paus,['0']
thatch,['0']
stok,['0']
yok,['0']
slav,['0']
slaughter,['1']
about-fac,['0']
decentraliz,['0']
pauperiz,['0']
closet,['1']
yodel,['2']
notif,['10']
stockpil,['0']
versif,['10']
slat,['0']
slash,['0']
relay,['1']
pattern,['1']
patter,['1']
yield,['1']
bus,['0']
school,['1']
patroniz,['0']
patrol,['2']
not,['0']
notch,['0']
bustl,['0']
notat,['0']
bust,['1']
slap,['2']
lik,['0']
slant,['1']
gam,['0']
pot,['2']
gambol,['2']
postur,['0']
relaps,['0']
rekindl,['0']
clos,['0']
notariz,['0']
rejuvenat,['0']
clop,['2']
cloister,['1']
middl,['0']
busk,['1']
slang,['1']
bejewel,['2']
slander,['1']
gambl,['0']
slam,['2']
rejoin,['1']
schem,['0']
feast,['1']
galvaniz,['0']
schematiz,['0']
rejig,['2']
clog,['2']
bushwhack,['1']
nosh,['0']
galumph,['1']
behead,['1']
reiterat,['0']
reissu,['0']
fear,['1']
reinsur,['0']
faz,['0']
reinstat,['0']
microfilm,['1']
nosediv,['0']
bur,['10']
index,['0']
heat,['1']
burthen,['1']
wolf,['1']
gallop,['1']
scent,['1']
beguil,['0']
begrudg,['0']
anathematiz,['0']
fawn,['1']
reinforc,['0']
reincarnat,['0']
nos,['0']
clock,['1']
eas,['0']
burst,['1']
begrim,['0']
burrow,['1']
wobbl,['0']
lighter,['1']
gall,['1']
favour,['1']
cloak,['1']
miaow,['1']
burr,['1']
miaou,['1']
indentur,['0']
burp,['1']
indent,['1']
lighten,['1']
beggar,['1']
hearten,['1']
untangl,['0']
analys,['0']
cyclostyl,['0']
tim,['0']
analogiz,['0']
fault,['1']
safeguard,['1']
clip,['2']
indemnif,['10']
mew,['1']
beg,['2']
befuddl,['0']
befriend,['1']
witness,['0']
befoul,['1']
unstop,['2']
lift,['1']
gain,['1']
cycl,['0']
anaesthetiz,['0']
tilt,['1']
earth,['1']
fatten,['1']
burn,['1']
befog,['2']
burlesqu,['0']
hearken,['1']
befit,['2']
gag,['2']
hear,['1']
beetl,['0']
till,['1']
fatigu,['0']
til,['0']
fathom,['1']
subjoin,['1']
recit,['0']
earn,['1']
earmark,['1']
burk,['0']
nerv,['0']
reciprocat,['0']
heap,['1']
burgl,['0']
beeswax,['0']
unsex,['0']
gaff,['1']
unsettl,['0']
heal,['1']
saddl,['0']
father,['1']
subject,['1']
sadden,['1']
recharg,['0']
unseat,['1']
wit,['4']
beef,['1']
tighten,['1']
unscrew,['1']
amplif,['10']
unscrambl,['0']
subedit,['1']
fat,['2']
subdivid,['0']
sacrific,['0']
recess,['0']
pressgang,['1']
unsa,['7']
unsaddl,['0']
unroll,['1']
tie-dye,['1']
cut,['2']
sub,['2']
press,['0']
wish,['0']
unrip,['2']
tid,['10']
sack,['1']
receipt,['1']
neigh,['1']
wisecrack,['1']
recast,['1']
preset,['2']
leap-frog,['2']
leap,['1']
fret,['2']
styliz,['0']
ammoniat,['0']
sabr,['0']
recaptur,['0']
dynamit,['0']
recapitulat,['0']
sabotag,['0']
recap,['2']
recall,['1']
perfum,['0']
maximiz,['0']
lean,['1']
freshen,['1']
styl,['0']
fresco,['1']
frequent,['1']
stutter,['1']
rebut,['2']
neglect,['1']
negativ,['0']
leak,['1']
leagu,['0']
tickl,['0']
ticket,['1']
rebuil,['6']
rebound,['1']
perfect,['1']
leaf,['1']
collocat,['0']
stunt,['1']
rebel,['2']
needl,['0']
maunder,['1']
maul,['1']
stun,['2']
freight,['1']
stump,['1']
reassur,['0']
canker,['1']
hik,['0']
externaliz,['0']
hijack,['1']
need,['1']
prerecord,['1']
drawl,['1']
matur,['0']
maturat,['0']
collectiviz,['0']
perch,['0']
leach,['0']
can,['2']
freeze-dr,['10']
exterminat,['0']
exterioriz,['0']
cand,['10']
prepossess,['0']
matter,['1']
freewheel,['1']
inla,['7']
extemporiz,['0']
prepa,['7']
laz,['0']
collar,['1']
collaps,['0']
thank,['1']
drat,['2']
high-pressur,['0']
drap,['0']
decarboniz,['0']
collaborat,['0']
ink,['1']
cancel,['2']
expurgat,['0']
dramatiz,['0']
decamp,['1']
pepper,['1']
peopl,['0']
freeload,['1']
canaliz,['0']
yen,['2']
tether,['1']
freelanc,['0']
yelp,['1']
highlight,['1']
stockad,['0']
stock,['1']
stitch,['0']
drain,['1']
debut,['1']
debunk,['1']
debug,['2']
initiat,['0']
initial,['2']
yellow,['1']
expostulat,['0']
yell,['1']
stir,['2']
slak,['0']
debrief,['1']
debon,['0']
debit,['1']
slacken,['1']
postmark,['1']
camphorat,['0']
yearn,['1']
stippl,['0']
draggl,['0']
stint,['1']
drag,['2']
slack,['1']
draft,['1']
verbaliz,['0']
skyrocket,['1']
test,['1']
campaign,['1']
skylark,['1']
debark,['1']
skyjack,['1']
camp,['1']
camouflag,['0']
yawn,['1']
yaw,['1']
terroriz,['0']
yarn,['1']
stimulat,['0']
doz,['0']
sk,['10']
postdat,['0']
skunk,['1']
scat,['2']
patent,['1']
scarper,['1']
yap,['2']
terrif,['10']
vent,['1']
skulk,['1']
skivv,['10']
post,['1']
skiv,['0']
scarif,['10']
patch,['0']
yank,['1']
pat,['2']
clink,['1']
yak,['2']
still,['1']
stigmatiz,['0']
stifl,['0']
veng,['0']
possess,['0']
scar,['2']
pastur,['0']
clinch,['0']
yacht,['1']
metriciz,['0']
metricat,['0']
x-ray,['1']
stiffen,['1']
skirt,['1']
skirmish,['0']
veneer,['1']
skipper,['1']
position,['1']
posit,['1']
scant,['1']
climb,['1']
xerox,['0']
climax,['0']
burglariz,['0']
normaliz,['0']
methylat,['0']
vend,['1']
skip,['2']
pos,['0']
pasteuriz,['0']
scandaliz,['0']
click,['1']
burden,['1']
velariz,['0']
gabbl,['0']
skin,['2']
scan,['2']
scamper,['1']
scamp,['1']
past,['0']
clew,['1']
noos,['0']
burbl,['0']
incriminat,['0']
skimp,['1']
veil,['1']
buoy,['1']
headlin,['0']
skim,['2']
scalp,['1']
scallop,['1']
fasten,['1']
clerk,['1']
fast,['1']
clench,['0']
bedew,['1']
scal,['0']
bedevil,['2']
scald,['1']
passiviz,['0']
fashion,['1']
cuss,['0']
metamorphos,['0']
bunker,['1']
bunk,['1']
wiretap,['2']
bedeck,['1']
unravel,['2']
head,['1']
bedaub,['1']
fuss,['0']
bed,['2']
scab,['2']
cushion,['1']
fart,['1']
curv,['0']
metal,['2']
bungl,['0']
incorporat,['0']
metaboliz,['0']
wir,['0']
bung,['1']
inconvenienc,['0']
bundl,['0']
wip,['0']
haz,['0']
fus,['0']
farrow,['1']
bunch,['0']
hazard,['1']
winter,['1']
americaniz,['0']
further,['1']
tick,['1']
curtain,['1']
clear,['1']
farm,['1']
rut,['2']
cleans,['0']
mess,['0']
beautif,['10']
bump,['1']
winnow,['1']
unpick,['1']
furrow,['1']
unpack,['1']
hawk,['1']
sid,['0']
curs,['0']
rustproof,['1']
thwart,['1']
curr,['10']
far,['0']
rustl,['0']
bumbl,['0']
wink,['1']
bum,['2']
haw,['1']
furl,['1']
unnerv,['0']
ambuscad,['0']
thwack,['1']
ambl,['0']
fur,['2']
rusticat,['0']
stumbl,['0']
rust,['1']
reason,['1']
rearrang,['0']
haver,['1']
bull,['1']
wing,['1']
beat,['1']
sicken,['1']
funnel,['2']
thunder,['1']
stuff,['1']
stud,['2']
rearm,['1']
rear,['1']
neck,['1']
reappear,['1']
wine,['4']
unmask,['1']
thump,['1']
unman,['2']
curl,['1']
thumb,['1']
fanc,['10']
rush,['0']
reap,['1']
reanimat,['0']
unloosen,['1']
unloos,['0']
prepackag,['0']
unlock,['1']
prepack,['1']
unload,['1']
thud,['2']
amaz,['0']
thrust,['1']
curett,['0']
thrum,['2']
stucco,['1']
cur,['0']
ruptur,['0']
curdl,['0']
curb,['1']
realiz,['0']
window-shop,['2']
preordain,['1']
preoccup,['10']
materializ,['0']
unleash,['0']
unlearn,['1']
sh,['10']
amalgamat,['0']
stub,['2']
shuttl,['0']
shutter,['1']
strut,['2']
strum,['2']
realign,['1']
premis,['0']
near,['1']
mat,['2']
premier,['0']
layer,['1']
shut,['2']
struggl,['0']
shush,['0']
shunt,['1']
reafforest,['1']
strop,['2']
reaffirm,['1']
premeditat,['0']
prelud,['0']
match,['0']
shun,['2']
la,['7']
throttl,['0']
shuffl,['0']
shudder,['1']
throng,['1']
read,['1']
shuck,['1']
band,['10']
cok,['0']
shrug,['2']
throb,['2']
ban,['2']
shroud,['1']
inherit,['1']
free,['1']
stroll,['1']
readjust,['1']
strok,['0']
prejudg,['0']
freckl,['0']
coin,['1']
coil,['1']
readdress,['0']
preheat,['1']
nauseat,['0']
prefix,['0']
prefigur,['0']
mastermind,['1']
lav,['0']
freak,['1']
fray,['1']
unben,['6']
strip,['2']
ingrain,['1']
reactivat,['0']
dows,['0']
master,['1']
ballot,['1']
cohabit,['1']
balloon,['1']
fraterniz,['0']
hie,['1']
camber,['1']
prefac,['0']
prefabricat,['0']
mass-produc,['0']
unbar,['2']
launch,['0']
unbalanc,['0']
terrac,['0']
experiment,['1']
infuriat,['0']
calv,['0']
infring,['0']
hid,['0']
pre-exist,['1']
hiccup,['2']
preen,['1']
massag,['0']
massacr,['0']
deal,['1']
mass,['0']
ballast,['1']
frank,['1']
balk,['1']
calumniat,['0']
unarm,['1']
infract,['1']
terminat,['0']
deafen,['1']
downgrad,['0']
pencil,['2']
laugh,['1']
laud,['1']
calm,['1']
fram,['0']
term,['1']
hex,['0']
hew,['1']
stickl,['0']
rac,['0']
penaliz,['0']
pen,['2']
coexist,['1']
pelt,['1']
fragment,['1']
influenc,['0']
down,['1']
dower,['1']
steward,['1']
deaden,['1']
rabbit,['1']
wrong,['1']
stew,['1']
dovetail,['1']
stet,['2']
dous,['0']
dazzl,['0']
quot,['0']
daz,['0']
bak,['0']
umpir,['0']
bait,['1']
codif,['10']
writh,['0']
tens,['0']
skid,['2']
ski,['4']
skewer,['1']
port,['4']
call,['1']
calk,['1']
steriliz,['0']
doubt,['1']
stereotyp,['0']
quiz,['2']
sa,['7']
daydream,['1']
counteract,['1']
counter,['1']
calibrat,['0']
countenanc,['0']
wrinkl,['0']
calender,['1']
knot,['2']
double-talk,['1']
double-stop,['2']
sketch,['0']
quit,['2']
dawn,['1']
count,['1']
counsel,['2']
wriggl,['0']
tenderiz,['0']
tender,['1']
wrestl,['0']
wrest,['1']
quip,['2']
dawdl,['0']
saw,['1']
skateboard,['1']
savv,['10']
skat,['0']
pass,['0']
savour,['1']
cough,['1']
wrench,['0']
mesmeriz,['0']
wreck,['1']
tend,['1']
wreath,['0']
step,['2']
mesh,['0']
wreak,['1']
stencil,['2']
sizzl,['0']
daunt,['1']
siz,['0']
populariz,['0']
daub,['1']
couch,['0']
clean,['1']
knock,['1']
wrap,['2']
stem,['2']
wrangl,['0']
quilt,['1']
sav,['0']
claw,['1']
partner,['1']
knit,['2']
wound,['1']
bullshit,['2']
merit,['1']
steer,['1']
quieten,['1']
quiet,['1']
funk,['1']
savag,['0']
partition,['1']
knight,['1']
knif,['0']
merg,['0']
haunt,['1']
pop,['2']
distemper,['1']
saunter,['1']
particulariz,['0']
classif,['10']
kneecap,['2']
bulldoz,['0']
haul,['1']
beard,['1']
distanc,['0']
fan,['2']
fund,['1']
knee,['1']
knead,['1']
class,['0']
knap,['2']
merchandis,['0']
bulk,['4']
bulg,['0']
hat,['0']
sauc,['0']
beam,['1']
function,['1']
familiariz,['0']
co-star,['2']
clasp,['1']
part,['1']
clash,['0']
wind,['1']
fumigat,['0']
hatch,['0']
fum,['0']
bead,['1']
fumbl,['0']
cost,['1']
cosset,['1']
dissimulat,['0']
satiriz,['0']
falsif,['10']
clarif,['10']
cup,['2']
nod,['2']
incis,['0']
winch,['0']
winc,['0']
hasten,['1']
hassl,['0']
beach,['0']
unioniz,['0']
dissever,['1']
alternat,['0']
clap,['2']
buil,['6']
bugl,['0']
wilt,['1']
hash,['0']
harvest,['1']
shrivel,['2']
alter,['1']
thrill,['1']
shrin,['0']
clank,['1']
cumber,['1']
shrimp,['1']
nobbl,['0']
clang,['1']
inch,['0']
bugger,['1']
bayonet,['1']
bay,['1']
dissatisf,['10']
bawl,['1']
disrob,['0']
shrill,['1']
shriek,['1']
thresh,['0']
rumpl,['0']
bug,['2']
buffet,['1']
unif,['10']
harrow,['1']
buffer,['1']
disremember,['1']
disrelish,['0']
disregard,['1']
rumour,['1']
shred,['2']
cull,['1']
react,['1']
reach,['0']
buff,['1']
harpoon,['1']
budget,['1']
unhors,['0']
unhook,['1']
full,['1']
harness,['0']
unhing,['0']
battl,['0']
fulfil,['2']
disquiet,['1']
harmoniz,['0']
disqualif,['10']
rumbl,['0']
cuff,['1']
naturaliz,['0']
razor,['1']
wiggl,['0']
batter,['1']
wig,['2']
unhand,['1']
fak,['0']
cudgel,['2']
threaten,['1']
cuddl,['0']
rul,['0']
raz,['0']
ray,['1']
predominat,['0']
natter,['1']
wield,['1']
masquerad,['0']
predispos,['0']
all,['10']
shower,['1']
thread,['1']
ruin,['1']
thrash,['0']
cuckold,['1']
predigest,['1']
widen,['1']
mask,['1']
unfurl,['1']
unfrock,['1']
mash,['0']
allur,['0']
ruffl,['0']
shovel,['2']
shov,['0']
ruff,['1']
nationaliz,['0']
predetermin,['0']
predestin,['0']
unfold,['1']
latiniz,['0']
shout,['1']
alloy,['1']
fractur,['0']
ru,['0']
shoulder,['1']
ravel,['2']
rav,['0']
predestinat,['0']
predeceas,['0']
precook,['1']
marvel,['2']
gum,['2']
should,['4']
ruddl,['0']
gulp,['1']
foxtrot,['2']
foxhunt,['1']
preconceiv,['0']
martyr,['1']
nasaliz,['0']
gull,['1']
bail,['1']
ruck,['1']
cod,['2']
fox,['0']
inflam,['0']
coddl,['0']
fowl,['1']
rattl,['0']
exit,['1']
precis,['0']
marshal,['2']
cocoon,['1']
latch,['0']
infiltrat,['0']
rationaliz,['0']
narrow,['1']
nark,['1']
marr,['10']
ulcerat,['0']
bag,['2']
infest,['1']
last,['1']
baffl,['0']
ration,['1']
double-glaz,['0']
guillotin,['0']
lasso,['0']
uglif,['10']
badger,['1']
double-declutch,['0']
double-cross,['0']
maroon,['1']
lash,['0']
guid,['0']
infatuat,['0']
tenant,['1']
double-clutch,['0']
double-check,['1']
prearrang,['0']
guffaw,['1']
dat,['0']
cock,['1']
guest,['1']
larrup,['1']
tyranniz,['0']
tempt,['1']
temporiz,['0']
doubl,['0']
dash,['0']
found,['1']
typif,['10']
cobbl,['0']
backtrack,['1']
would,['1']
exempt,['1']
foul,['1']
exemplif,['10']
steepen,['1']
steep,['1']
dot,['2']
dart,['1']
coax,['0']
lard,['1']
typeset,['2']
typecast,['1']
typ,['0']
fossiliz,['0']
worst,['1']
dos,['0']
steel,['1']
quicken,['1']
darn,['1']
backslid,['0']
coat,['1']
temper,['1']
two-tim,['0']
worship,['2']
worsen,['1']
steamroller,['1']
worr,['10']
steam-heat,['1']
quibbl,['0']
dop,['0']
darken,['1']
queue,['1']
sit,['0']
backpedal,['2']
daresay,['4']
coast,['1']
pool,['1']
pooh-pooh,['1']
coarsen,['1']
steam,['1']
telex,['0']
question,['1']
dappl,['0']
worm,['1']
telescop,['0']
stead,['10']
quest,['1']
quer,['10']
pontificat,['0']
quench,['0']
poniard,['1']
pars,['0']
twitter,['1']
parr,['10']
twitch,['0']
twit,['2']
parrot,['1']
doom,['1']
quell,['1']
doodl,['0']
sir,['0']
queer,['1']
dangl,['0']
pong,['1']
siphon,['1']
sip,['2']
ponder,['1']
sat,['0']
cosh,['0']
parol,['0']
parod,['10']
kiss,['0']
telephon,['0']
stay,['1']
staunch,['0']
dandl,['0']
queen,['1']
dandif,['10']
danc,['0']
sass,['0']
kip,['2']
nix,['0']
clamp,['1']
clamour,['1']
quaver,['1']
pommel,['2']
quash,['0']
sashay,['1']
parley,['1']
kink,['1']
clam,['2']
incarnat,['0']
incapacitat,['0']
singulariz,['0']
pomad,['0']
corrupt,['1']
nitpick,['1']
park,['1']
claim,['1']
clack,['1']
budg,['0']
station,['1']
bud,['2']
fuel,['2']
quarter,['1']
fudg,['0']
disprov,['0']
fuddl,['0']
nip,['2']
inaugurat,['0']
harm,['1']
dispossess,['0']
sap,['2']
civiliz,['0']
correspond,['1']
kindl,['0']
buckl,['0']
bucket,['1']
singe,['1']
hark,['1']
fuck,['1']
displeas,['0']
correlat,['0']
cub,['0']
buck,['1']
har,['0']
bath,['1']
displac,['0']
fr,['10']
dispirit,['1']
bat,['2']
correct,['1']
corral,['2']
par,['1']
pardon,['1']
crystalliz,['0']
bubbl,['0']
cit,['0']
brutaliz,['0']
bastinado,['1']
bast,['0']
bastardiz,['0']
allow,['1']
sandwich,['0']
spreadeagl,['0']
parch,['0']
allot,['2']
parboil,['1']
kill,['1']
spread,['1']
spray,['1']
sprawl,['1']
fruit,['1']
cr,['10']
circumnavigat,['0']
inactivat,['0']
brush,['0']
sprain,['1']
spout,['1']
disown,['1']
bask,['1']
disorientat,['0']
disorient,['1']
frowst,['1']
disorganiz,['0']
short-list,['1']
rubbish,['0']
whop,['2']
harden,['1']
frown,['1']
spotlight,['1']
whoop,['1']
disorder,['1']
disoblig,['0']
froth,['1']
thirst,['1']
disobey,['1']
spot-check,['1']
shorten,['1']
crush,['0']
short-circuit,['1']
short-chang,['0']
crusad,['0']
bruis,['0']
brows,['0']
bash,['0']
spot,['2']
dismount,['1']
frost,['1']
dismember,['1']
dismast,['1']
short,['1']
crunch,['0']
rubberneck,['1']
dismantl,['0']
rubberiz,['0']
crumpl,['0']
rubber,['1']
shor,['0']
crumbl,['0']
oxygeniz,['0']
oxygenat,['0']
rub,['2']
rat,['2']
brown,['1']
browbeat,['1']
oxidiz,['0']
nap,['2']
harbour,['1']
allay,['1']
sport,['1']
dislodg,['0']
cruis,['0']
dislocat,['0']
dislik,['0']
rasp,['1']
unearth,['1']
shoplift,['1']
spoon,['1']
preachif,['10']
whiz,['2']
preach,['0']
whittl,['0']
namedrop,['2']
nam,['0']
barricad,['0']
spook,['1']
undress,['0']
guess,['0']
spoof,['1']
thin,['2']
shop,['2']
barrel,['2']
alienat,['0']
own,['1']
raref,['10']
whitewash,['0']
ow,['0']
pray,['1']
prawn,['1']
sponsor,['1']
undock,['1']
und,['3']
market,['1']
thiev,['0']
spong,['0']
row,['1']
overwork,['1']
whiten,['1']
nail,['1']
pranc,['0']
braid,['1']
mark,['1']
thicken,['1']
guard,['1']
shoo,['1']
brag,['2']
rov,['0']
guarantee,['1']
laps,['0']
rout,['1']
overweight,['1']
nag,['2']
rap,['2']
prais,['0']
nab,['2']
bracket,['1']
grunt,['1']
sho,['8']
lap,['2']
forward,['1']
rous,['0']
over-valu,['0']
overturn,['1']
overtrump,['1']
overtop,['2']
rant,['1']
ransom,['1']
brac,['0']
grumbl,['0']
backfir,['0']
excogitat,['0']
overtax,['0']
rankl,['0']
mystif,['10']
boycott,['1']
grudg,['0']
backdat,['0']
coal,['1']
backcomb,['1']
rank,['1']
over-strain,['1']
overstock,['1']
overstep,['2']
oversteer,['1']
rang,['0']
overstay,['1']
overstat,['0']
powwow,['1']
march,['0']
grub,['2']
twist,['1']
twirl,['1']
coach,['0']
backbit,['0']
oversimplif,['10']
overshadow,['1']
maraud,['1']
mar,['2']
growl,['1']
landscap,['0']
twinkl,['0']
box,['0']
twin,['2']
back,['1']
clutch,['0']
exchang,['0']
inebriat,['0']
don,['2']
power,['1']
map,['2']
grovel,['2']
cluster,['1']
grous,['0']
clunk,['1']
twig,['2']
clump,['1']
formulat,['0']
indwel,['5']
twiddl,['0']
telegraph,['1']
industrializ,['0']
telecast,['1']
riot,['1']
powder,['1']
rins,['0']
dampen,['1']
pout,['1']
group,['1']
damp,['1']
manur,['0']
cluck,['1']
teeth,['0']
domicil,['0']
domesticat,['0']
bowl,['1']
bab,['10']
club,['2']
cloy,['1']
land,['1']
clown,['1']
indulg,['0']
babbl,['0']
formaliz,['0']
teeter,['1']
tweet,['1']
quarr,['10']
damn,['1']
quarrel,['2']
bowdleriz,['0']
lanc,['0']
baa,['1']
bow,['1']
damascen,['0']
clout,['1']
lampoon,['1']
form,['1']
tweak,['1']
teem,['1']
tee,['1']
ring,['1']
quarantin,['0']
rim,['2']
stat,['0']
quantif,['10']
dam,['2']
twang,['1']
cloud,['1']
twaddl,['0']
indoctrinat,['0']
ril,['0']
stash,['0']
starv,['0']
startl,['0']
qualif,['10']
ax,['0']
tut-tut,['2']
individualiz,['0']
tutor,['1']
exact,['1']
start,['1']
quak,['0']
sin,['2']
pollinat,['0']
tut,['2']
machin,['0']
pollard,['1']
tussl,['0']
machinat,['0']
dogmatiz,['0']
quail,['1']
quaff,['1']
poll,['1']
quadruplicat,['0']
simplif,['10']
kidnap,['2']
kid,['2']
quadrupl,['0']
star,['2']
politiciz,['0']
simper,['1']
politicaliz,['0']
macadamiz,['0']
paraphras,['0']
teas,['0']
starch,['0']
starboard,['1']
simmer,['1']
circulariz,['0']
kick,['1']
right,['1']
circl,['0']
stapl,['0']
rig,['2']
envision,['1']
quack,['1']
dabbl,['0']
corner,['1']
dab,['2']
lynch,['0']
parallel,['1']
cipher,['1']
keynot,['0']
envenom,['1']
silver,['1']
corn,['1']
cork,['1']
keyboard,['1']
niggl,['0']
key,['1']
enumerat,['0']
entwin,['0']
harass,['0']
harangu,['0']
entrust,['1']
pole-vault,['1']
front,['1']
disjoint,['1']
frolic,['4']
parad,['0']
cor,['0']
lut,['0']
cinch,['0']
brook,['1']
nicknam,['0']
imprison,['1']
imprint,['1']
entrench,['0']
frogmarch,['0']
pole-ax,['0']
disinter,['2']
pol,['0']
disintegrat,['0']
silhouett,['0']
disinherit,['1']
parachut,['0']
polariz,['0']
nickel-plat,['0']
nickel,['2']
kennel,['2']
brood,['1']
nick,['1']
ken,['2']
bronz,['0']
entrap,['2']
barrag,['0']
entranc,['0']
frizzl,['0']
entrain,['1']
frizz,['0']
silenc,['0']
disinfest,['1']
barrack,['1']
disinfect,['1']
frivol,['2']
cord,['1']
disinclin,['0']
crown,['1']
churn,['1']
nibbl,['0']
impress,['0']
impregnat,['0']
entomb,['1']
disillusion,['1']
frisk,['1']
crowd,['1']
copyright,['1']
church,['0']
broil,['1']
barnstorm,['1']
dishorn,['1']
fring,['0']
spoil,['1']
undervalu,['0']
dishonour,['1']
splutter,['1']
crouch,['0']
copy-edit,['1']
paper,['1']
chum,['2']
impound,['1']
keen,['1']
brocad,['0']
enthron,['0']
splurg,['0']
understud,['10']
splotch,['0']
understock,['1']
dishearten,['1']
splodg,['0']
understat,['0']
dish,['0']
chug,['2']
chuckl,['0']
chuck,['1']
bark,['1']
hang,['1']
frighten,['1']
fright,['1']
split,['2']
disguis,['0']
shock,['1']
cross-question,['1']
shoal,['1']
cross-pollinat,['0']
shiver,['1']
broaden,['1']
whistl,['0']
undersign,['1']
splinter,['1']
barg,['0']
disgrac,['0']
entangl,['0']
splic,['0']
entail,['1']
disgorg,['0']
underscor,['0']
bargain,['1']
disfrock,['1']
underrat,['0']
underquot,['0']
disfranchis,['0']
disforest,['1']
cross-index,['0']
broadcast,['1']
broach,['0']
whisk,['1']
whirr,['1']
handpick,['1']
disfigur,['0']
underplay,['1']
disfavour,['1']
underpin,['2']
splay,['1']
underpa,['7']
disestablish,['0']
fricassee,['1']
splatter,['1']
disentangl,['0']
shirr,['1']
round,['1']
cross-fertiliz,['0']
shirk,['1']
cross-examin,['0']
whirl,['1']
muzzl,['0']
bristl,['0']
undernourish,['0']
disengag,['0']
disenfranchis,['0']
splash,['0']
undermin,['0']
bar,['2']
disendow,['1']
handl,['0']
disencumber,['1']
disenchant,['1']
shipwreck,['1']
disembroil,['1']
disembowel,['2']
disembod,['10']
roughhous,['0']
crosscheck,['1']
roughen,['1']
rough-dr,['10']
overrul,['0']
overreach,['0']
overrat,['0']
underlin,['0']
mutter,['1']
whip,['2']
spit,['2']
roughcast,['1']
over-produc,['0']
rough,['1']
roug,['0']
overprint,['1']
over-prais,['0']
mutin,['10']
overpower,['1']
rambl,['0']
whin,['0']
barbecu,['0']
barbariz,['0']
spiritualiz,['0']
mantl,['0']
cross,['0']
ship,['2']
overplay,['1']
ram,['2']
overpa,['7']
rall,['10']
mut,['0']
underexpos,['0']
underestimat,['0']
ground,['1']
shingl,['0']
shin,['2']
overmaster,['1']
overman,['2']
overlook,['1']
whiff,['1']
rak,['0']
muster,['1']
undercut,['2']
spirit,['1']
whet,['2']
grouch,['0']
spiral,['2']
undercharg,['0']
alert,['1']
fork,['1']
rot,['2']
overleap,['1']
rais,['0']
overla,['7']
must,['4']
overlap,['2']
muss,['0']
lament,['1']
gross,['0']
grop,['0']
lam,['2']
rosin,['2']
shift,['1']
overjoy,['1']
over-indulg,['0']
over-heat,['1']
overhear,['1']
groov,['0']
groom,['1']
groin,['1']
shield,['1']
lamb,['1']
shew,['1']
forg,['0']
eviscerat,['0']
overhaul,['1']
rain,['1']
bound,['1']
bounc,['0']
groan,['1']
awe,['1']
forfeit,['1']
alarm,['1']
grizzl,['0']
laiciz,['0']
forewarn,['1']
railroad,['1']
evidenc,['0']
rail,['1']
overfl,['10']
overflow,['1']
raid,['1']
mushroom,['1']
manifold,['1']
grit,['4']
lag,['2']
awaken,['1']
wayla,['7']
forestall,['1']
foreshadow,['1']
overexpos,['0']
over-exert,['1']
mus,['0']
overestimat,['0']
over-emphasiz,['0']
manifest,['1']
manicur,['0']
grip,['2']
avow,['1']
ladl,['0']
foreordain,['1']
dog,['2']
doff,['1']
bottl,['0']
manhandl,['0']
wax,['0']
grin,['2']
waver,['1']
lad,['0']
ladder,['1']
avert,['1']
rifl,['0']
mangl,['0']
botch,['0']
dodg,['0']
botaniz,['0']
wav,['0']
grim,['0']
grimac,['0']
turn,['1']
averag,['0']
grill,['1']
aver,['2']
riffl,['0']
boss,['0']
document,['1']
lacquer,['1']
airlift,['1']
foredoom,['1']
even,['1']
ridicul,['0']
standardiz,['0']
ridg,['0']
doctor,['1']
borrow,['1']
turf,['1']
lack,['1']
forecast,['1']
forebod,['0']
forearm,['1']
evaporat,['0']
evangeliz,['0']
docket,['1']
stanch,['0']
dock,['1']
waterproof,['1']
taxi,['4']
riddl,['0']
stamped,['0']
ricochet,['2']
evaluat,['0']
puzzl,['0']
stamp,['1']
d,['3']
signpost,['1']
lurk,['1']
pok,['0']
tunnel,['2']
lur,['0']
lurch,['0']
tax,['0']
rick,['1']
stammer,['1']
putt,['1']
dizz,['10']
signif,['10']
poison,['1']
pois,['0']
lung,['0']
tun,['0']
stall,['1']
stalk,['1']
lunch,['0']
cop,['2']
taunt,['1']
keelhaul,['1']
tattoo,['1']
rib,['2']
stalemat,['0']
tattl,['0']
stal,['0']
signaliz,['0']
signal,['2']
sign,['1']
lump,['1']
rhym,['0']
tat,['2']
stak,['0']
point,['1']
sight-read,['1']
copper,['1']
chronicl,['0']
pant,['1']
stain,['1']
ensur,['0']
ensnar,['0']
sight,['1']
enslav,['0']
sigh,['1']
sift,['1']
siev,['0']
lull,['1']
implement,['1']
implant,['1']
enshroud,['1']
enshrin,['0']
ensconc,['0']
ensanguin,['0']
sidl,['0']
pod,['2']
panic,['4']
panhandl,['0']
justif,['10']
stagger,['1']
enrol,['1']
put,['2']
enrich,['0']
enraptur,['0']
pussyfoot,['1']
enrag,['0']
enplan,['0']
handicap,['2']
sidetrack,['1']
disembark,['1']
lug,['2']
co-ordinat,['0']
pocket,['1']
luff,['1']
panel,['2']
pander,['1']
chorus,['0']
sideswip,['0']
impersonat,['0']
handcuff,['1']
sidestep,['2']
ennobl,['0']
poach,['0']
sideslip,['2']
cooperat,['0']
chortl,['0']
neutraliz,['0']
neuter,['1']
enmesh,['0']
imperil,['2']
enlist,['1']
hand,['1']
enlighten,['1']
pl,['10']
pancak,['0']
crop,['2']
cool,['1']
croon,['1']
junket,['1']
junk,['1']
syllabiz,['0']
syllabif,['10']
syllabicat,['0']
baptiz,['0']
enlarg,['0']
enkindl,['0']
hammer,['1']
discredit,['1']
pan,['2']
crook,['1']
chop,['2']
pamper,['1']
nettl,['0']
chomp,['1']
nett,['1']
brim,['2']
swot,['2']
engulf,['1']
underbid,['2']
discover,['1']
ham,['2']
banquet,['1']
halv,['0']
underact,['1']
cook,['1']
coo,['1']
pals,['10']
crock,['1']
net,['2']
chok,['0']
brighten,['1']
engraft,['1']
halt,['1']
discourag,['0']
spin-dr,['10']
bankrupt,['1']
discountenanc,['0']
discount,['1']
crochet,['1']
croak,['1']
criticiz,['0']
nestl,['0']
nest,['1']
swoop,['1']
swoon,['1']
engineer,['1']
undeceiv,['0']
hallow,['1']
halloo,['1']
discontinu,['0']
crisscross,['0']
chock,['1']
pitchfork,['1']
brief,['1']
swivel,['2']
bridl,['0']
impassion,['1']
hallmark,['1']
bank,['1']
uncover,['1']
enfranchis,['0']
spill,['1']
discontent,['1']
uncoupl,['0']
uncork,['1']
spik,['0']
shepherd,['1']
crisp,['1']
disconnect,['1']
crippl,['0']
shelv,['0']
shelter,['1']
rop,['0']
pitch,['0']
bridg,['0']
switch,['0']
spiel,['1']
disconcert,['1']
discompos,['0']
spic,['0']
crinkl,['0']
discolour,['1']
cring,['0']
shellac,['4']
rootl,['0']
crimson,['1']
pit,['10']
crimp,['1']
root,['1']
rag,['2']
overdress,['0']
swish,['0']
swirl,['1']
swip,['0']
murmur,['1']
bang,['1']
disclos,['0']
disclaim,['1']
shell,['1']
spew,['1']
disciplin,['0']
roost,['1']
crim,['0']
piss,['0']
overd,['3']
overdevelop,['1']
raft,['1']
overcrowd,['1']
raffl,['0']
overcrop,['2']
whelp,['1']
over-cook,['1']
swinge,['1']
wheez,['0']
murder,['1']
spen,['6']
crick,['1']
room,['1']
crib,['2']
pirouett,['0']
sheer,['1']
rook,['1']
pirat,['0']
overcompensat,['0']
overcloud,['1']
chang,['0']
overcharg,['0']
munition,['1']
swindl,['0']
wheel,['1']
wheedl,['0']
hut,['2']
spell,['1']
bandag,['0']
hustl,['0']
griev,['0']
crew,['1']
piqu,['0']
roof,['1']
overcapitaliz,['0']
overcall,['1']
overburden,['1']
chanc,['0']
munch,['0']
mandat,['0']
husk,['1']
shed,['2']
roneo,['1']
grey,['1']
sheath,['0']
radio,['1']
overbid,['2']
champion,['1']
mummif,['10']
radicaliz,['0']
overbalanc,['0']
overaw,['0']
champ,['1']
mumbl,['0']
mum,['2']
hush,['0']
unburden,['1']
unbuckl,['0']
manacl,['0']
husband,['1']
lac,['0']
man,['2']
bor,['0']
hurtl,['0']
unbosom,['1']
romp,['1']
airdrop,['2']
ford,['1']
romanticiz,['0']
overarch,['0']
radiat,['0']
hurt,['1']
hurr,['10']
border,['1']
greet,['1']
pip,['2']
shav,['0']
force-land,['1']
romanc,['0']
pioneer,['1']
overact,['1']
challeng,['0']
maltreat,['1']
hurrah,['1']
bop,['2']
hurl,['1']
autograph,['1']
forc,['0']
air,['1']
label,['2']
sharpen,['1']
racketeer,['1']
racket,['1']
rack,['1']
chalk,['1']
malt,['1']
hurdl,['0']
booz,['0']
aim,['1']
foray,['1']
ail,['1']
forag,['0']
outwit,['2']
outweigh,['1']
chair,['1']
mull,['1']
outvot,['0']
chain-smok,['0']
hunt,['1']
malign,['1']
aid,['1']
water,['1']
authoriz,['0']
tumbl,['0']
eulogiz,['0']
outtalk,['1']
outstrip,['2']
mulct,['1']
mulch,['0']
outstay,['1']
chain,['1']
boot,['1']
chagrin,['1']
boost,['1']
malfunction,['1']
hunger,['1']
footslog,['2']
tug,['2']
chaff,['1']
divin,['0']
chaf,['0']
boomerang,['1']
authenticat,['0']
boom,['1']
kowtow,['1']
agree,['1']
kotow,['1']
footnot,['0']
tast,['0']
task,['1']
hunch,['0']
watch,['0']
greas,['0']
hump,['1']
humour,['1']
tuck,['1']
graz,['0']
footl,['0']
agoniz,['0']
foot-fault,['1']
diversif,['10']
rhapsodiz,['0']
KO,['9']
wast,['0']
tub,['0']
foot,['1']
stage-manag,['0']
reword,['1']
rewir,['0']
dive-bomb,['1']
stag,['0']
aggriev,['0']
tarnish,['0']
etch,['0']
tarmacadam,['1']
staff,['1']
tarmac,['4']
revolutioniz,['0']
stack,['1']
ditch,['0']
monopoliz,['0']
augur,['1']
tr,['10']
stabl,['0']
disunit,['0']
push,['0']
audition,['1']
tar,['2']
revivif,['10']
stabiliz,['0']
revitaliz,['0']
stab,['2']
distrust,['1']
purvey,['1']
wash,['0']
trust,['1']
taper,['1']
tap,['2']
review,['1']
pursu,['0']
squirt,['1']
plunk,['1']
purs,['0']
convuls,['0']
plung,['0']
truss,['0']
convoy,['1']
plunder,['1']
convolut,['0']
trundl,['0']
tap-danc,['0']
jump,['1']
squirm,['1']
jumbl,['0']
squir,['0']
purr,['1']
squint,['1']
monitor,['1']
plump,['1']
palm,['1']
convinc,['0']
revers,['0']
tantaliz,['0']
squelch,['0']
purpos,['0']
squeez,['0']
plummet,['2']
convict,['1']
plum,['0']
lower,['1']
convey,['1']
juic,['0']
chlorinat,['0']
reverenc,['0']
squeegee,['1']
chiv,['10']
flash,['0']
juggl,['0']
impal,['0']
enforc,['0']
squeal,['1']
enfold,['1']
purloin,['1']
enfilad,['0']
purl,['1']
enfeebl,['0']
enervat,['0']
low,['1']
pall,['1']
plumb,['1']
palisad,['0']
jug,['2']
flar,['0']
chisel,['2']
impact,['1']
squeak,['1']
flap,['2']
squawk,['1']
energiz,['0']
flannel,['2']
immuniz,['0']
squat,['2']
monetiz,['0']
purif,['10']
purg,['0']
plug,['2']
chirp,['1']
judg,['0']
flank,['1']
brib,['0']
immortaliz,['0']
squash,['0']
puree,['1']
pluck,['1']
discharg,['0']
pal,['0']
palaver,['1']
flam,['0']
brew,['1']
flak,['0']
immobiliz,['0']
discard,['1']
plough,['1']
disburden,['1']
lov,['0']
plot,['2']
disbud,['2']
palataliz,['0']
chip,['2']
flail,['1']
breez,['0']
immigrat,['0']
swill,['1']
swig,['2']
disbeliev,['0']
plop,['2']
disbar,['2']
disband,['1']
contus,['0']
crest,['1']
plonk,['1']
disavow,['1']
lour,['1']
chink,['1']
flagellat,['0']
swerv,['0']
endanger,['1']
end,['1']
swelter,['1']
disassociat,['0']
disarray,['1']
disarrang,['0']
disarm,['1']
pair,['1']
creosot,['0']
joust,['1']
control,['2']
journey,['1']
flag,['2']
encumber,['1']
flabbergast,['1']
encrust,['1']
breath,['0']
speechif,['10']
disapprov,['0']
encourag,['0']
contriv,['0']
paint,['1']
jot,['2']
jostl,['0']
breathalys,['0']
fizzl,['0']
fizz,['0']
whang,['1']
encounter,['1']
encor,['0']
whal,['0']
encompass,['0']
disappoint,['1']
encod,['0']
disappear,['1']
disallow,['1']
disagree,['1']
chim,['0']
chill,['1']
sweeten,['1']
breast,['1']
whack,['1']
encircl,['0']
imagin,['0']
encipher,['1']
disafforest,['1']
disaffiliat,['0']
disaffect,['1']
disabus,['0']
pinpoint,['1']
pinnacl,['0']
imag,['0']
enchain,['1']
encas,['0']
wet,['2']
encapsulat,['0']
disabl,['0']
hail,['1']
shar,['0']
dirt,['10']
rollick,['1']
roller-skat,['0']
breakfast,['1']
sweat,['1']
westerniz,['0']
haggl,['0']
specializ,['0']
shap,['0']
credit,['1']
pink,['1']
pinion,['1']
roll,['1']
ping,['1']
outspan,['2']
outsmart,['1']
mug,['2']
muffl,['0']
spearhead,['1']
spear,['1']
shampoo,['1']
pin,['2']
creat,['0']
muff,['1']
outsail,['1']
sway,['1']
outrival,['2']
swath,['0']
swat,['2']
creas,['0']
sham,['2']
pinch,['0']
mudd,['10']
outrank,['1']
wend,['4']
outrang,['0']
wench,['0']
swash,['0']
muddl,['0']
certif,['10']
swarm,['1']
spay,['1']
spawn,['1']
shambl,['0']
spatter,['1']
cream,['1']
creak,['1']
outrag,['0']
pimp,['1']
mud,['2']
outpoint,['1']
outplay,['1']
certificat,['0']
muckrak,['0']
welsh,['0']
humidif,['10']
shallow,['1']
gravel,['2']
humbug,['2']
rocket,['1']
outnumber,['1']
outmatch,['0']
muck,['1']
humbl,['0']
book,['1']
humaniz,['0']
boohoo,['1']
pilot,['1']
aggregat,['0']
rock,['1']
aggravat,['0']
pillow,['1']
fool,['1']
aggrandiz,['0']
outmarch,['0']
pillor,['10']
outmanoeuvr,['0']
outliv,['0']
outlin,['0']
cerebrat,['0']
outla,['7']
booby-trap,['2']
boob,['1']
boo,['1']
grat,['0']
rob,['2']
pillag,['0']
fondl,['0']
outlaw,['1']
outlast,['1']
out-Herod,['1']
mow,['1']
hum,['2']
hull,['1']
audit,['1']
shag,['2']
grass,['0']
shaft,['1']
foment,['1']
roast,['1']
pilfer,['1']
shadowbox,['0']
essay,['1']
outgeneral,['2']
outfox,['0']
outflank,['1']
centr,['0']
centraliz,['0']
grasp,['1']
hug,['2']
grappl,['0']
age,['1']
auction,['1']
outfit,['2']
outfac,['0']
warrant,['1']
huff,['1']
warp,['1']
huddl,['0']
bon,['0']
graph,['1']
trumpet,['1']
follow,['1']
trump,['1']
mov,['0']
outd,['3']
escort,['1']
outdistanc,['0']
outdat,['0']
mainlin,['0']
bond,['1']
warn,['1']
granulat,['0']
grant,['1']
censur,['0']
censor,['1']
maim,['1']
attorn,['1']
attitudiniz,['0']
attir,['0']
trudg,['0']
fold,['1']
foil,['1']
tango,['1']
tangl,['0']
reveng,['0']
cens,['0']
cement,['1']
mail,['1']
warm,['1']
bomb,['1']
howl,['1']
revamp,['1']
bolt,['1']
bolster,['1']
ware,['4']
fog,['2']
focus,['2']
revalu,['0']
tan,['2']
rev,['2']
tamp,['1']
reus,['0']
err,['1']
reunit,['0']
purchas,['0']
trounc,['0']
attack,['1']
troubl,['0']
return,['1']
squar,['0']
squander,['1']
warbl,['0']
mollycoddl,['0']
war,['2']
attach,['0']
atroph,['10']
wanton,['1']
tam,['0']
aton,['0']
squall,['1']
pupat,['0']
retrograd,['0']
pup,['2']
squabbl,['0']
punt,['1']
molest,['1']
plod,['2']
loung,['0']
want,['1']
trot,['2']
atomiz,['0']
tall,['10']
erect,['1']
sp,['10']
moisturiz,['0']
plight,['1']
wank,['1']
wangl,['0']
moisten,['1']
wan,['0']
troop,['1']
spurt,['1']
retread,['1']
spurn,['1']
moil,['1']
troll,['1']
waltz,['0']
los,['0']
pain,['1']
josh,['0']
retract,['1']
retrac,['0']
retouch,['0']
spur,['2']
talk,['1']
jolt,['1']
retool,['1']
fixat,['0']
fix,['0']
punctur,['0']
pledg,['0']
paginat,['0']
pag,['0']
lord,['4']
joll,['10']
spruc,['0']
sprout,['1']
moderniz,['0']
contraindicat,['0']
pleat,['1']
contradistinguish,['0']
jollif,['10']
padlock,['1']
lop,['2']
select,['1']
jok,['0']
seiz,['0']
argu,['0']
encamp,['1']
sprint,['1']
enamour,['1']
enamel,['2']
enact,['1']
enabl,['0']
loot,['1']
pleas,['0']
loosen,['1']
paddl,['0']
joint,['1']
sprinkl,['0']
ill-us,['0']
fit,['2']
illumin,['0']
punch,['0']
emulsion,['1']
pun,['2']
illum,['0']
emulsif,['10']
pump,['1']
moderat,['0']
pad,['2']
loos,['0']
join,['1']
loop,['1']
contour,['1']
chid,['0']
ill-treat,['1']
spring-clean,['1']
puls,['0']
model,['2']
empt,['10']
pleach,['0']
loom,['1']
continu,['0']
joggl,['0']
jog,['2']
breach,['0']
hack,['1']
empower,['1']
habituat,['0']
packag,['0']
pack,['1']
pacif,['10']
chican,['0']
swap,['2']
fish,['0']
braz,['0']
bray,['1']
employ,['1']
swank,['1']
emplan,['0']
habit,['1']
swan,['2']
craz,['0']
jockey,['1']
crayon,['1']
chew,['1']
brawl,['1']
swamp,['1']
emphasiz,['0']
swallow,['1']
dip,['2']
gyp,['2']
pac,['0']
crawl,['1']
job,['2']
jiv,['0']
brav,['0']
jinx,['0']
trad,['0']
empanel,['2']
swagger,['1']
swag,['2']
sparkl,['0']
crav,['0']
crat,['0']
content,['1']
arch,['0']
crash-land,['1']
ignor,['0']
jingl,['0']
arc,['1']
swaddl,['0']
swab,['2']
gyb,['0']
spark,['1']
guzzl,['0']
proposition,['1']
propos,['0']
crash,['0']
track,['1']
ignit,['0']
brand,['1']
guy,['1']
spar,['2']
emigrat,['0']
gutter,['1']
shadow,['1']
din,['2']
pil,['0']
shad,['0']
roar,['1']
crap,['2']
pik,['0']
roam,['1']
trac,['0']
idoliz,['0']
branch,['0']
spank,['1']
dimpl,['0']
emend,['1']
gut,['2']
spangl,['0']
shackl,['0']
span,['2']
crank,['1']
cran,['0']
brak,['0']
brais,['0']
brainwash,['0']
well,['1']
surtax,['0']
spad,['0']
prophes,['10']
dim,['2']
cramp,['1']
cram,['2']
outclass,['0']
condon,['0']
mouth,['1']
weld,['1']
gush,['0']
brain,['1']
welcom,['0']
gurgl,['0']
pigeonhol,['0']
craft,['1']
outbrav,['0']
rivet,['1']
outbalanc,['0']
mous,['0']
spac,['0']
cradl,['0']
propagandiz,['0']
pig,['4']
sex,['0']
piffl,['0']
riv,['0']
rival,['2']
out,['1']
oust,['1']
mourn,['1']
condens,['0']
ioniz,['0']
weight,['1']
sow,['1']
sovietiz,['0']
prop,['2']
crackl,['0']
proofread,['1']
proof,['1']
pierc,['0']
crack,['1']
condemn,['1']
concuss,['0']
mountaineer,['1']
ought,['4']
iodiz,['0']
mount,['1']
weigh,['1']
moult,['1']
wee-wee,['1']
sew,['1']
risk,['1']
piec,['0']
concret,['0']
moulder,['1']
ostraciz,['0']
mould,['1']
ced,['0']
invoic,['0']
mottl,['0']
weekend,['1']
prong,['1']
sever,['1']
affront,['1']
foam,['1']
graft,['1']
foal,['1']
piddl,['0']
afforest,['1']
ceas,['0']
motoriz,['0']
invit,['0']
caw,['1']
cavort,['1']
magnetiz,['0']
rippl,['0']
affix,['0']
ripost,['0']
pictur,['0']
concoct,['1']
descal,['0']
desalt,['1']
desaliniz,['0']
cavil,['2']
motor,['1']
invigorat,['0']
invigilat,['0']
grad,['0']
boil,['1']
ripen,['1']
affirm,['1']
desalinat,['0']
picnic,['4']
rip,['2']
motivat,['0']
boggl,['0']
bogey,['1']
grac,['0']
grab,['2']
fly-fish,['0']
concertina,['1']
motion,['1']
caution,['1']
mothproof,['1']
cauteriz,['0']
inventor,['10']
gown,['1']
wallpaper,['1']
trivializ,['0']
wallow,['1']
fl,['10']
concert,['1']
derestrict,['1']
equip,['2']
derequisition,['1']
orphan,['1']
conceptualiz,['0']
caus,['0']
maffick,['1']
hous,['0']
wallop,['1']
bod,['0']
govern,['1']
triumph,['1']
wall,['1']
flut,['0']
derat,['0']
derail,['1']
equat,['0']
equaliz,['0']
hound,['1']
bobsleigh,['1']
bobsled,['2']
goug,['0']
deputiz,['0']
flush,['0']
flurr,['10']
fluoridiz,['0']
equal,['2']
retch,['0']
sein,['0']
caucus,['0']
madden,['1']
triplicat,['0']
bob,['2']
fluoridat,['0']
tripl,['0']
segment,['1']
flunk,['1']
epitomiz,['0']
retain,['1']
seeth,['0']
ret,['2']
walk,['1']
boat,['1']
trip,['2']
flummox,['0']
waken,['1']
astound,['1']
seesaw,['1']
taint,['1']
seep,['1']
resurfac,['0']
pulp,['1']
boast,['1']
waiv,['0']
fluff,['1']
trim,['2']
tailor,['1']
seem,['1']
restructur,['0']
mock,['1']
wait,['1']
mobiliz,['0']
asterisk,['1']
trill,['1']
assur,['0']
tail,['1']
tag,['2']
mob,['2']
moan,['1']
assuag,['0']
wail,['1']
trigger,['1']
seed,['1']
enwrap,['2']
restock,['1']
pull,['1']
pul,['0']
waggl,['0']
play-act,['1']
look,['1']
puk,['0']
mizzl,['0']
play,['1']
wager,['1']
trickl,['0']
tackl,['0']
jimm,['10']
trick,['1']
tack,['1']
firm,['1']
jilt,['1']
restat,['0']
restag,['0']
rest,['1']
pug,['2']
mix,['0']
contemn,['1']
sedat,['0']
girdl,['0']
jiggl,['0']
tabulat,['0']
gir,['6']
taboo,['1']
jig,['2']
secur,['0']
misus,['0']
plat,['0']
containeriz,['0']
seculariz,['0']
jib,['2']
respond,['1']
fireproof,['1']
respit,['0']
emcee,['1']
idl,['0']
puff,['1']
embroil,['1']
mistrust,['1']
contact,['1']
jewel,['2']
gin,['2']
aquaplan,['0']
cheer,['1']
jettison,['1']
cheep,['1']
embrac,['0']
puddl,['0']
emboss,['0']
mistranslat,['0']
embolden,['1']
mistim,['0']
plaster,['1']
plash,['0']
consummat,['0']
jet,['2']
cheek,['1']
tower,['1']
embod,['10']
emblazon,['1']
embitter,['1']
mist,['1']
plant,['1']
long,['1']
gild,['1']
giggl,['0']
jest,['1']
towel,['2']
tow,['1']
checkmat,['0']
identif,['10']
embed,['2']
dik,['0']
consubstantiat,['0']
constru,['0']
plank,['1']
gift,['1']
tout,['1']
approximat,['0']
jerry-buil,['6']
tousl,['0']
fir,['0']
idealiz,['0']
surpass,['0']
check,['1']
surmount,['1']
embarrass,['0']
embark,['1']
embargo,['1']
dignif,['10']
loll,['1']
plan,['2']
constrain,['1']
cheat,['1']
gib,['0']
jerk,['1']
tour,['1']
appropriat,['0']
gibbet,['1']
cheapen,['1']
jeopardiz,['0']
approach,['0']
embank,['1']
surg,['0']
embalm,['1']
constitutionaliz,['0']
crab,['2']
toughen,['1']
jemm,['10']
chaw,['1']
apprentic,['0']
jell,['10']
touch-typ,['0']
surfeit,['1']
fingerprint,['1']
ice-skat,['0']
surfac,['0']
surf,['1']
weed,['1']
diffus,['0']
prompt,['1']
coxswain,['1']
chauffeur,['1']
cox,['0']
chatter,['1']
jeer,['1']
wee,['1']
finger,['1']
elucidat,['0']
wedg,['0']
promot,['0']
promis,['0']
chat,['2']
cowl,['1']
touch,['0']
chastis,['0']
chasten,['1']
appl,['10']
surcharg,['0']
elongat,['0']
sous,['0']
diet,['1']
settl,['0']
cower,['1']
pickl,['0']
totter,['1']
tot,['0']
chas,['0']
totaliz,['0']
wed,['2']
web,['2']
promenad,['0']
sour,['1']
prolong,['1']
picket,['1']
cow,['1']
total,['2']
weav,['0']
toss,['0']
suppos,['0']
weatherproof,['1']
diddl,['0']
proliferat,['0']
soundproof,['1']
covet,['1']
pick,['1']
set,['2']
prolaps,['0']
ornament,['1']
tortur,['0']
mother,['1']
suppl,['10']
project,['1']
cover,['1']
covenant,['1']
invalidat,['0']
conceal,['1']
weather,['1']
wear,['10']
sound,['1']
supplement,['1']
prohibit,['1']
con,['2']
orient,['1']
mosey,['1']
intuit,['1']
hotfoot,['4']
gossip,['2']
progress,['0']
servic,['0']
programm,['0']
court-martial,['2']
serv,['0']
computeriz,['0']
mortis,['0']
sough,['1']
wean,['1']
mortgag,['0']
prognosticat,['0']
gormandiz,['0']
mortar,['1']
intrigu,['0']
weaken,['1']
board,['1']
host,['1']
sermoniz,['0']
hospitaliz,['0']
gorg,['0']
depopulat,['0']
phras,['0']
adventur,['0']
compress,['0']
caterwaul,['1']
gor,['0']
hos,['0']
blush,['0']
serializ,['0']
deplan,['0']
flower,['1']
photosensitiz,['0']
advantag,['0']
flow,['1']
flout,['1']
cater,['1']
categoriz,['0']
catechiz,['0']
blur,['2']
goos,['0']
blunt,['1']
assist,['1']
flour,['1']
photograph,['1']
serenad,['0']
compost,['1']
flounc,['0']
intoxicat,['0']
order,['1']
inton,['0']
horsewhip,['2']
goof,['1']
assimilat,['0']
assign,['1']
adulterat,['0']
deodoriz,['0']
ordain,['1']
orchestrat,['0']
intimidat,['0']
catcall,['1']
bluff,['1']
wag,['2']
blue-pencil,['2']
waft,['1']
snip,['2']
waffl,['0']
assess,['0']
denud,['0']
snigger,['1']
orbit,['1']
intimat,['0']
interview,['1']
catapult,['1']
assert,['1']
assent,['1']
flop,['2']
adorn,['1']
sniffl,['0']
wad,['2']
waddl,['0']
sniff,['1']
ador,['0']
dent,['1']
floor,['1']
catalogu,['0']
horrif,['10']
assay,['1']
snicker,['1']
snick,['1']
assault,['1']
sneez,['0']
denot,['0']
flood,['1']
section,['1']
assassinat,['0']
flog,['2']
denominat,['0']
tabl,['0']
blu,['0']
bludgeon,['1']
sneer,['1']
assail,['1']
flock,['1']
trephin,['0']
trepan,['2']
admix,['0']
sneak,['1']
secret,['0']
float,['1']
vulgariz,['0']
trend,['1']
denationaliz,['0']
vulcaniz,['0']
asphyxiat,['0']
snatch,['0']
flit,['2']
asphalt,['1']
demystif,['10']
snarl,['1']
trench,['0']
systematiz,['0']
resound,['1']
offer,['1']
misstat,['0']
misspen,['6']
misspel,['5']
snar,['0']
flirt,['1']
demoraliz,['0']
syring,['0']
trembl,['0']
resol,['0']
publiciz,['0']
voyag,['0']
miss,['0']
trellis,['0']
trek,['2']
vow,['1']
snap,['2']
tree,['1']
synthesiz,['0']
resinat,['0']
misrul,['0']
misrepresent,['1']
misreport,['1']
misread,['1']
plait,['1']
misquot,['0']
mispronounc,['0']
ask,['1']
snak,['0']
trebl,['0']
snag,['2']
snaffl,['0']
second,['1']
pub-crawl,['1']
misprint,['1']
misplac,['0']
vot,['0']
misnam,['0']
mismatch,['0']
snack,['1']
treat,['1']
syndicat,['0']
log,['2']
ghost,['1']
smut,['2']
syncopat,['0']
seced,['0']
reshuffl,['0']
mismanag,['0']
misla,['7']
plain,['1']
misjudg,['0']
misinterpret,['1']
misinform,['1']
treasur,['0']
loft,['1']
smuggl,['0']
smudg,['0']
synchroniz,['0']
smoulder,['1']
resettl,['0']
reset,['2']
reserv,['0']
mishit,['2']
mishear,['1']
plagu,['0']
mishandl,['0']
plagiariz,['0']
misguid,['0']
lodg,['0']
jazz,['0']
jaywalk,['1']
seat,['1']
sympathiz,['0']
fin,['0']
jaw,['1']
reseat,['1']
misgovern,['1']
psychoanalys,['0']
misfir,['0']
consolidat,['0']
consol,['0']
applaud,['1']
billow,['1']
research,['0']
season,['1']
symboliz,['0']
ic,['0']
jaunt,['1']
rescu,['0']
charter,['1']
financ,['0']
occur,['2']
occup,['10']
plac,['0']
misdirect,['1']
misdemean,['1']
placard,['1']
veer,['1']
chart,['1']
jaundic,['0']
append,['1']
finaliz,['0']
charm,['1']
jar,['2']
misdeal,['1']
misdat,['0']
miscu,['0']
miscount,['1']
misconstru,['0']
pivot,['1']
vaunt,['1']
lock,['1']
appear,['1']
appeal,['1']
filtrat,['0']
japan,['2']
misconduct,['1']
occasion,['1']
misconceiv,['0']
vault,['1']
billet,['1']
localiz,['0']
bill,['1']
consider,['1']
apparel,['2']
bilk,['1']
jangl,['0']
filter,['1']
appal,['2']
dic,['0']
dibbl,['0']
dib,['2']
var,['10']
torpedo,['1']
apostrophiz,['0']
charg,['0']
torment,['1']
film,['1']
jam,['2']
apostatiz,['0']
hypnotiz,['0']
rein,['1']
reign,['1']
lobb,['10']
lob,['2']
bik,['0']
court,['1']
loath,['0']
characteriz,['0']
cours,['0']
jail,['1']
fillet,['1']
apologiz,['0']
hyphenat,['0']
fill,['1']
hyphen,['1']
rehous,['0']
electroplat,['0']
rehear,['1']
rehash,['0']
rehabilitat,['0']
consent,['1']
variegat,['0']
jag,['2']
char,['2']
toppl,['0']
filibuster,['1']
hymn,['1']
fil,['0']
sort,['1']
electrocut,['0']
regulariz,['0']
sorrow,['1']
profiteer,['1']
coupl,['0']
chaperon,['1']
vaporiz,['0']
filch,['0']
chap,['2']
superintend,['1']
superimpos,['0']
electrif,['10']
regroup,['1']
dial,['2']
profil,['0']
proffer,['1']
chant,['1']
channel,['2']
photocop,['10']
ap,['0']
vandaliz,['0']
top,['2']
top-dress,['0']
hybridiz,['0']
electioneer,['1']
register,['1']
sequester,['1']
profan,['0']
superabound,['1']
sup,['2']
sophisticat,['0']
sop,['2']
regiment,['1']
sooth,['0']
countersign,['1']
counterpois,['0']
tootl,['0']
intertwin,['0']
soot,['1']
regenerat,['0']
counterplot,['2']
prod,['2']
countermin,['0']
complet,['0']
phon,['0']
moraliz,['0']
separat,['0']
countermarch,['0']
procreat,['0']
counterfeit,['1']
lick,['1']
interrelat,['0']
mop,['2']
regain,['1']
gong,['1']
sentimentaliz,['0']
dye,['1']
dwindl,['0']
counterbalanc,['0']
compil,['0']
counterattack,['1']
philosophiz,['0']
oppugn,['1']
moot,['1']
interpos,['0']
castl,['0']
process,['0']
sentenc,['0']
dwell,['1']
dwarf,['1']
golf,['1']
compet,['0']
licens,['0']
comper,['0']
moor,['1']
somersault,['1']
blow-dr,['10']
internationaliz,['0']
sensitiz,['0']
flip,['2']
compel,['2']
moonlight,['1']
cast,['1']
internaliz,['0']
blot,['2']
hop,['2']
blossom,['1']
sens,['0']
demonetiz,['0']
flinch,['0']
adjudg,['0']
compass,['0']
compartmentaliz,['0']
intermix,['0']
opin,['0']
intermingl,['0']
hoover,['1']
bloom,['1']
hoot,['1']
adjoin,['1']
democratiz,['0']
flight,['1']
liberaliz,['0']
compar,['0']
demobiliz,['0']
mooch,['0']
moo,['1']
intermediat,['0']
hoop,['1']
dust,['1']
flick,['1']
demist,['1']
flex,['0']
demilitariz,['0']
intermarr,['10']
cash,['0']
interlock,['1']
interlink,['1']
hook,['1']
goggl,['0']
hoodwink,['1']
treadl,['0']
hoodoo,['1']
smother,['1']
compact,['1']
commut,['0']
interleav,['0']
interlard,['1']
interlac,['0']
cas,['0']
cascad,['0']
hood,['1']
duplicat,['0']
volley,['1']
dup,['0']
trawl,['1']
travest,['10']
ascertain,['1']
smooth,['1']
address,['0']
demarcat,['0']
fleet,['1']
carv,['0']
honour,['1']
cartwheel,['1']
dunk,['1']
blood,['1']
smooch,['0']
fleec,['0']
void,['1']
addl,['0']
fle,['8']
fledg,['0']
demagnetiz,['0']
fleck,['1']
delv,['0']
requisition,['1']
cartoon,['1']
honk,['1']
honeymoon,['1']
voic,['0']
dun,['2']
travel,['2']
add,['1']
delug,['0']
flay,['1']
smok,['0']
search,['0']
flaw,['1']
sear,['1']
blockad,['0']
block,['1']
vocaliz,['0']
delous,['0']
flavour,['1']
flaunt,['1']
smirk,['1']
pr,['10']
bloat,['1']
blitz,['0']
miscast,['1']
miscarr,['10']
smirch,['0']
trap,['2']
flatten,['1']
smil,['0']
seam,['1']
smelt,['1']
miscall,['1']
miscalculat,['0']
misbehav,['0']
vivif,['10']
transubstantiat,['0']
misappropriat,['0']
transship,['2']
articl,['0']
smell,['1']
transpos,['0']
smear,['1']
seal,['1']
reprov,['0']
reproof,['1']
misapprehend,['1']
prun,['0']
misappl,['10']
loan,['1']
transplant,['1']
smash,['0']
reproduc,['0']
misadvis,['0']
loaf,['1']
mirror,['1']
vitrif,['10']
smart,['1']
reprint,['1']
mir,['0']
prowl,['1']
vitaliz,['0']
transmigrat,['0']
conquer,['1']
bifurcat,['0']
jack-knif,['0']
repress,['0']
scyth,['0']
figur,['0']
provok,['0']
connot,['0']
minut,['0']
biff,['1']
conniv,['0']
scuttl,['0']
represent,['1']
re-present,['1']
repot,['2']
repossess,['0']
obscur,['0']
provision,['1']
mint,['1']
bide,['4']
bid,['2']
connect,['1']
vamp,['1']
bicycl,['0']
jab,['2']
vamoos,['0']
repos,['0']
elect,['1']
conk,['1']
valu,['0']
elbow,['1']
bib,['2']
liv,['0']
validat,['0']
toot,['1']
tool,['1']
itemiz,['0']
oblig,['0']
elaps,['0']
elaborat,['0']
prov,['0']
devitaliz,['0']
bias,['2']
minimiz,['0']
valet,['1']
tonsur,['0']
itch,['0']
italiciz,['0']
field-test,['1']
devil,['2']
bewitch,['0']
generaliz,['0']
antiquat,['0']
bewail,['1']
refurbish,['0']
refund,['1']
bevel,['2']
litter,['1']
issu,['0']
field,['1']
sunder,['1']
fidget,['1']
refuel,['2']
better,['1']
betroth,['1']
vacuum,['1']
ton,['0']
fiddl,['0']
sunbath,['0']
sun,['2']
devalu,['0']
devaluat,['0']
prob,['0']
betoken,['1']
vaccinat,['0']
vacation,['1']
fictionaliz,['0']
egotrip,['2']
summons,['0']
solv,['0']
re-form,['1']
detribaliz,['0']
detrain,['1']
tomahawk,['1']
summon,['1']
reform,['1']
solo,['1']
reforest,['1']
summer,['1']
refoot,['1']
refloat,['1']
detour,['1']
dethron,['0']
phas,['0']
toll,['1']
libel,['2']
summariz,['0']
soliloquiz,['0']
priz,['0']
sen,['6']
token,['1']
liais,['0']
reflat,['0']
solidif,['10']
refit,['2']
determin,['0']
toil,['1']
lev,['10']
sulphuret,['2']
refin,['0']
refill,['1']
solicit,['1']
solemniz,['0']
interest,['1']
lever,['1']
interdict,['1']
sulk,['1']
sol,['0']
refashion,['1']
refac,['0']
commun,['0']
intercommunicat,['0']
honeycomb,['1']
soldier,['1']
cart,['1']
suit,['1']
reel,['1']
solder,['1']
gobbl,['0']
reek,['1']
hon,['0']
dump,['1']
level,['2']
levant,['1']
interchang,['0']
leucotomiz,['0']
abnegat,['0']
open,['1']
solac,['0']
sojourn,['1']
semaphor,['0']
soil,['1']
dumbfound,['1']
sellotap,['0']
opalesc,['0']
interact,['1']
inter,['2']
blister,['1']
dull,['1']
actuat,['0']
print,['1']
delineat,['0']
prink,['1']
delimitat,['0']
petition,['1']
delimit,['1']
ooz,['0']
letter,['1']
intensif,['10']
blink,['1']
goad,['1']
pet,['2']
pestl,['0']
commission,['1']
abet,['2']
blindfold,['1']
gnaw,['1']
duel,['2']
gnash,['0']
activat,['0']
deliberat,['0']
pester,['1']
commingl,['0']
let,['2']
carpet,['1']
blind,['1']
carp,['1']
blight,['1']
act,['1']
glut,['2']
arriv,['0']
commercializ,['0']
carous,['0']
commentat,['0']
integrat,['0']
carol,['2']
abandon,['1']
bless,['0']
glue,['1']
visualiz,['0']
arrest,['1']
array,['1']
comment,['1']
commend,['1']
blen,['6']
blench,['0']
bleep,['1']
glow,['1']
duck,['1']
smack,['1']
acquit,['2']
deign,['1']
transistoriz,['0']
de-ic,['0']
dehydrat,['0']
dehumaniz,['0']
caricatur,['0']
bleat,['1']
visit,['1']
hom,['0']
arous,['0']
strew,['1']
dubbin,['1']
gloss,['0']
dehorn,['1']
dub,['2']
slurp,['1']
transfus,['0']
degrad,['0']
slur,['2']
sculptur,['0']
slump,['1']
degenerat,['0']
sculpt,['1']
repoint,['1']
bleach,['0']
holyston,['0']
blazon,['1']
stretch,['0']
transform,['1']
glorif,['10']
stress,['0']
transfix,['0']
transfigur,['0']
slumber,['1']
visa,['1']
slum,['2']
defus,['0']
scull,['1']
scuffl,['0']
scuff,['1']
scud,['2']
replenish,['0']
replay,['1']
blaz,['0']
strengthen,['1']
acknowledg,['0']
sluic,['0']
defrost,['1']
defrock,['1']
acidulat,['0']
slug,['2']
acidif,['10']
defraud,['1']
scrutiniz,['0']
deform,['1']
scrupl,['0']
replac,['0']
repin,['0']
scrunch,['0']
peg,['2']
blast,['1']
streamlin,['0']
mingl,['0']
stream,['1']
deforest,['1']
defoliat,['0']
achiev,['0']
arm,['1']
deflower,['1']
transact,['1']
ach,['0']
scrummag,['0']
peev,['0']
peer,['1']
object,['1']
streak,['1']
obey,['1']
stray,['1']
slow,['1']
tranquilliz,['0']
scrub,['2']
scroung,['0']
peep,['1']
straw,['1']
min,['0']
trampl,['0']
stratif,['10']
tramp,['1']
calculat,['0']
trammel,['2']
slouch,['0']
lithograph,['1']
geld,['1']
repa,['7']
peel,['1']
peek,['1']
pee,['1']
calcin,['0']
calcif,['10']
slot,['2']
traips,['0']
gel,['2']
slosh,['0']
scrimp,['1']
scrimmag,['0']
scrib,['0']
repaint,['1']
reorientat,['0']
reorient,['1']
reorganiz,['0']
mind,['1']
cak,['0']
bet,['2']
cajol,['0']
congeal,['1']
train,['1']
slop,['2']
bestrew,['1']
bestow,['1']
trail,['1']
scribbl,['0']
bestir,['2']
reopen,['1']
fib,['2']
protect,['1']
minc,['0']
mimic,['4']
cag,['0']
best,['1']
gear,['1']
herd,['1']
screw,['1']
confront,['1']
gazump,['1']
list,['1']
gazett,['0']
screen,['1']
pedal,['2']
rent,['1']
screech,['0']
prostrat,['0']
mimeograph,['1']
nuzzl,['0']
mim,['0']
besmirch,['0']
besmear,['1']
besieg,['0']
confound,['1']
gaz,['0']
utter,['1']
lisp,['1']
anthologiz,['0']
beset,['2']
herald,['1']
gawp,['1']
scream,['1']
utiliz,['0']
gawk,['1']
scrawl,['1']
renew,['1']
reneg,['0']
prosper,['1']
renegad,['0']
cadg,['0']
conform,['1']
berth,['1']
liquidiz,['0']
feud,['1']
fetter,['1']
antedat,['0']
proselytiz,['0']
nut,['4']
usurp,['1']
gaug,['0']
ante,['1']
fet,['0']
sandpaper,['1']
fetch,['0']
festoon,['1']
cackl,['0']
detail,['1']
berat,['0']
lip-read,['1']
cach,['0']
hemstitch,['0']
lioniz,['0']
usher,['1']
antagoniz,['0']
sandblast,['1']
toe,['4']
sandbag,['2']
confid,['0']
hem,['2']
gatecrash,['0']
irradiat,['0']
us,['0']
gat,['0']
answer,['1']
toddl,['0']
fertiliz,['0']
sand,['1']
ferr,['10']
effectuat,['0']
sanction,['1']
suggest,['1']
reef,['1']
reeducat,['0']
cabl,['0']
destin,['0']
link,['1']
confederat,['0']
toboggan,['1']
urinat,['0']
gasp,['1']
ferret,['1']
effect,['1']
re-echo,['0']
effac,['0']
sugar,['1']
eff,['1']
reduplicat,['0']
benefit,['1']
confab,['2']
urg,['0']
toast,['1']
iron,['1']
sampl,['0']
annul,['2']
ferment,['1']
toad,['10']
despoil,['1']
urbaniz,['0']
irk,['1']
fend,['4']
annoy,['1']
fenc,['0']
salv,['0']
redress,['0']
softland,['1']
desolat,['0']
mend,['1']
annotat,['0']
menac,['0']
tittle-tattl,['0']
titter,['1']
annex,['0']
anneal,['1']
salvag,['0']
editorializ,['0']
su,['0']
redoubl,['0']
edit,['1']
red,['3']
soften,['1']
primp,['1']
memoriz,['0']
memorializ,['0']
lessen,['1']
redistribut,['0']
redirect,['1']
suckl,['0']
designat,['0']
perus,['0']
suck,['1']
salt,['1']
succumb,['1']
redeploy,['1']
sod,['4']
prim,['2']
sock,['1']
commenc,['0']
tir,['0']
succour,['1']
insur,['0']
redecorat,['0']
redden,['1']
desert,['1']
desensitiz,['0']
desegregat,['0']
desecrat,['0']
mellow,['1']
command,['1']
succeed,['1']
socializ,['0']
meld,['1']
lengthen,['1']
len,['6']
faint,['1']
recycl,['0']
fail,['1']
recurv,['0']
globe-trot,['2']
personif,['10']
personat,['0']
omen,['1']
career,['1']
careen,['1']
car,['0']
dry-clean,['1']
fag,['2']
gloat,['1']
prickl,['0']
sober,['1']
sob,['2']
dr,['10']
prick,['1']
personaliz,['0']
comfort,['1']
institutionaliz,['0']
legitimiz,['0']
institut,['0']
soar,['1']
blar,['0']
holiday,['1']
fad,['0']
glissad,['0']
blanket,['1']
soap,['1']
glint,['1']
deflat,['0']
glimps,['0']
pric,['0']
legitimatiz,['0']
instil,['2']
card,['1']
hol,['0']
instat,['0']
accustom,['1']
drum,['2']
glid,['0']
accus,['0']
carburet,['1']
instanc,['0']
carboniz,['0']
blanch,['0']
factoriz,['0']
factor,['1']
drug,['2']
blam,['0']
drudg,['0']
drub,['2']
glean,['1']
gleam,['1']
install,['1']
carbonat,['0']
strap,['2']
strangulat,['0']
drows,['0']
hoist,['1']
strangl,['0']
drown,['1']
glaz,['0']
accru,['0']
accret,['0']
accredit,['1']
strand,['1']
hog,['2']
hoe,['1']
straiten,['1']
account,['1']
slog,['2']
accost,['1']
caravan,['2']
captur,['0']
hock,['1']
blackmail,['1']
dropkick,['1']
glar,['0']
strain,['1']
blacklist,['1']
hobnob,['2']
accord,['1']
drop,['2']
sliver,['1']
vilif,['10']
droop,['1']
glanc,['0']
slither,['1']
slit,['2']
accompan,['10']
default,['1']
defam,['0']
blackleg,['2']
captivat,['0']
black-lead,['1']
drool,['1']
hobbl,['0']
dron,['0']
glamoriz,['0']
straighten,['1']
acclimatiz,['0']
defac,['0']
de-escalat,['0']
rendezvou,['1']
scratch,['0']
peck,['1']
captain,['1']
ren,['6']
blackguard,['1']
hoax,['0']
zoom,['1']
blacken,['1']
drizzl,['0']
straggl,['0']
straf,['0']
gladden,['1']
acclimat,['0']
view,['1']
straddl,['0']
acclaim,['1']
slip,['2']
renam,['0']
scrap,['2']
zon,['0']
stow,['1']
videotap,['0']
blackball,['1']
deepen,['1']
scrambl,['0']
remov,['0']
scram,['2']
remount,['1']
nurs,['0']
remould,['1']
mill,['1']
black,['1']
victual,['2']
blabber,['1']
blab,['2']
accentuat,['0']
accent,['1']
deem,['1']
slim,['2']
scrag,['2']
scrabbl,['0']
pearl,['1']
scowl,['1']
peal,['1']
zip,['2']
victimiz,['0']
slight,['1']
slid,['0']
scout,['1']
scourg,['0']
scour,['1']
peak,['1']
remodel,['2']
numerat,['0']
zigzag,['2']
storm,['1']
milk,['1']
help,['1']
slic,['0']
slew,['1']
gasif,['10']
peach,['0']
militariz,['0']
number,['1']
slenderiz,['0']
gash,['0']
sleigh,['1']
remind,['1']
remilitariz,['0']
scotch,['0']
numb,['1']
remed,['10']
nullif,['10']
bypass,['0']
sleet,['1']
gas,['2']
heliograph,['1']
sleepwalk,['1']
scorn,['1']
remarr,['10']
mildew,['1']
nudg,['0']
ben,['6']
garrott,['0']
garrison,['1']
lin,['0']
bemus,['0']
heighten,['1']
bemoan,['1']
remark,['1']
scor,['0']
remainder,['1']
nuanc,['0']
buzz,['0']
belt,['1']
garland,['1']
upstag,['0']
heel,['1']
scorch,['0']
gargl,['0']
animat,['0']
scoot,['1']
edg,['0']
relocat,['0']
fell,['1']
reload,['1']
reliv,['0']
edd,['10']
might,['4']
miff,['1']
buttress,['0']
upset,['2']
limp,['1']
uproot,['1']
limn,['1']
heed,['1']
belly-laugh,['1']
animadvert,['1']
garden,['1']
feint,['1']
feign,['1']
buttonhol,['0']
belly-land,['1']
button,['1']
word,['1']
garbl,['0']
limit,['1']
belly-ach,['0']
hedgehop,['2']
garb,['1']
garag,['0']
sallow,['1']
salivat,['0']
economiz,['0']
hedg,['0']
bellow,['1']
hector,['1']
lim,['0']
woolgather,['1']
gap,['0']
heckl,['0']
tippl,['0']
tip,['2']
eclips,['0']
butter,['1']
butt,['1']
gangren,['0']
uplift,['1']
angliciz,['0']
tint,['1']
fee,['1']
subtend,['1']
echo,['0']
butcher,['1']
lilt,['1']
bell,['4']
belittl,['0']
angle-park,['1']
tinsel,['2']
upgrad,['0']
angl,['0']
tinkl,['0']
tinker,['1']
upend,['1']
updat,['0']
anger,['1']
upbraid,['1']
tingl,['0']
ting,['1']
substantiat,['0']
salaam,['1']
ebb,['1']
eavesdrop,['2']
prey,['1']
recriminat,['0']
soak,['1']
woo,['1']
belch,['0']
preview,['1']
belay,['1']
up,['2']
unzip,['2']
belabour,['1']
tinctur,['0']
tin,['2']
featherbed,['2']
feather,['1']
subsidiz,['0']
recreat,['0']
snuggl,['0']
snug,['2']
re-cover,['1']
wonder,['1']
